,capacity,no.of explicit states,time(sec)
0,1,7700,0.03805955502321012
1,11,29818,0.22258440297446214
2,21,75622,0.7659680180076975
3,32,139342,2.4170923689962365
4,42,200199,6.6516724830144085
5,53,268055,14.960705892008264
6,63,329833,30.68205592999584
7,74,397835,61.67127434100257
8,84,459592,119.88543706899509
9,95,527475,236.98893519499688
